sample	sizefactor
NTC2	0.9434413868700122
NTC3	1.017925520891844
NTC4	1.0772169965760314
NTC5	0.9359947030635242
sgUgcg1	1.269777944325687
sgUgcg2	0.9327458269313145
sgUgcg5	0.8466951039615781
